# Additional source-to-contract mappings, declared by python_contract_targets.tsv.
native/conductor-native/src/lib.rs	python_contracts_mutation_campaign_generate
native/conductor-native/src/lib.rs	python_contracts_mutation_retention
native/conductor-native/src/lib.rs	python_contracts_workspace_exposure_corpus
native/conductor-native/src/lib.rs	python_contracts_workspace_hygiene
native/conductor-native/src/mutation_coverage.rs	python_contracts_mutation_retention
native/conductor-native/src/mutation_plan.rs	python_contracts_mutation_campaign_generate
native/conductor-native/src/mutation_value.rs	python_contracts_mutation_campaign_generate
native/conductor-native/src/mutation_value.rs	python_contracts_mutation_retention
native/conductor-native/src/mutation_value_inputs.rs	python_contracts_mutation_campaign_generate
native/conductor-native/src/mutation_value_inputs.rs	python_contracts_mutation_retention
native/conductor-native/src/project_paths.rs	python_contracts_mutation_campaign_generate
native/conductor-native/src/project_paths.rs	python_contracts_mutation_retention
native/conductor-native/src/receipt_slim.rs	python_contracts_mutation_campaign_generate
native/conductor-native/src/receipt_slim.rs	python_contracts_mutation_retention
native/conductor-native/tests/fixtures/equivalence_probe/fixture_mod.py	python_contracts_equivalence_probe
native/conductor-native/tests/fixtures/equivalence_probe/method_fixture_mod.py	python_contracts_equivalence_probe
native/conductor-native/tests/fixtures/equivalence_probe/replay_subjects.py	python_contracts_equivalence_probe
native/conductor-native/tests/fixtures/equivalence_probe/test_fixture_mod.py	python_contracts_equivalence_probe
native/conductor-native/tests/fixtures/equivalence_probe/test_fixture_mod_looping.py	python_contracts_equivalence_probe
native/conductor-native/tests/fixtures/equivalence_probe/test_method_fixture_mod.py	python_contracts_equivalence_probe
native/conductor-native/tests/fixtures/equivalence_probe/unary_fixture.py	python_contracts_equivalence_probe
native/conductor-native/tests/fixtures/workspace_exposure_corpus.rs	python_contracts_workspace_exposure_corpus
native/conductor-native/tests/python_contracts/cpu_embed_cases_a.rs	python_contracts_cpu_embed
native/conductor-native/tests/python_contracts/cpu_embed_cases_b.rs	python_contracts_cpu_embed
native/conductor-native/tests/python_contracts/cpu_embed_cases_c.rs	python_contracts_cpu_embed
native/conductor-native/tests/python_contracts/cpu_embed_support.rs	python_contracts_cpu_embed
native/conductor-native/tests/python_contracts/equivalence_probe_cases_a.rs	python_contracts_equivalence_probe
native/conductor-native/tests/python_contracts/equivalence_probe_cases_b.rs	python_contracts_equivalence_probe
native/conductor-native/tests/python_contracts/equivalence_probe_cases_c.rs	python_contracts_equivalence_probe
native/conductor-native/tests/python_contracts/equivalence_probe_support.rs	python_contracts_equivalence_probe
native/conductor-native/tests/python_contracts/mutation_campaign_generate_support.rs	python_contracts_mutation_campaign_generate
native/conductor-native/tests/python_contracts/mutation_retention_support.rs	python_contracts_mutation_retention
native/conductor-native/tests/python_contracts/support.rs	python_contracts_cpu_embed
native/conductor-native/tests/python_contracts/support.rs	python_contracts_equivalence_probe
native/conductor-native/tests/python_contracts/support.rs	python_contracts_mutation_campaign_generate
native/conductor-native/tests/python_contracts/support.rs	python_contracts_mutation_retention
native/conductor-native/tests/python_contracts/support.rs	python_contracts_workspace_exposure_corpus
native/conductor-native/tests/python_contracts/support.rs	python_contracts_workspace_hygiene
native/conductor-native/tests/python_contracts/support.rs	python_contracts_worktree_reap
native/conductor-native/tests/python_contracts/workspace_fixture.rs	python_contracts_workspace_hygiene
native/conductor-native/tests/python_contracts/workspace_fixture.rs	python_contracts_worktree_reap
native/forge/tests/fixtures/workspace_exposure_corpus.json	python_contracts_workspace_exposure_corpus
native/forge/tests/fixtures/workspace_exposure_expected.json	python_contracts_workspace_exposure_corpus
native/slop-core/src/engine.rs	python_contracts_equivalence_probe
native/slop-core/src/lib.rs	python_contracts_equivalence_probe
src/conductor/_native.py	python_contracts_equivalence_probe
src/conductor/_native.py	python_contracts_mutation_campaign_generate
src/conductor/_native.py	python_contracts_mutation_retention
src/conductor/_native.py	python_contracts_workspace_exposure_corpus
src/conductor/_native.py	python_contracts_workspace_hygiene
src/conductor/audit_root.py	python_contracts_workspace_exposure_corpus
src/conductor/audit_root.py	python_contracts_workspace_hygiene
src/conductor/branch_policy.py	python_contracts_workspace_exposure_corpus
src/conductor/branch_policy.py	python_contracts_workspace_hygiene
src/conductor/bytecode_isolation.py	python_contracts_mutation_campaign_generate
src/conductor/candidate_review/cli.py	python_contracts_workspace_hygiene
src/conductor/candidate_review/git_source.py	python_contracts_mutation_campaign_generate
src/conductor/candidate_review/git_source.py	python_contracts_workspace_exposure_corpus
src/conductor/candidate_review/git_source.py	python_contracts_workspace_hygiene
src/conductor/candidate_review/identity.py	python_contracts_mutation_campaign_generate
src/conductor/candidate_review/model.py	python_contracts_mutation_campaign_generate
src/conductor/candidate_review/model.py	python_contracts_workspace_exposure_corpus
src/conductor/candidate_review/model.py	python_contracts_workspace_hygiene
src/conductor/candidate_review/ownership.py	python_contracts_mutation_campaign_generate
src/conductor/candidate_review/ownership.py	python_contracts_workspace_exposure_corpus
src/conductor/candidate_review/ownership.py	python_contracts_workspace_hygiene
src/conductor/changed_files_cli.py	python_contracts_mutation_retention
src/conductor/cpu_embed.py	python_contracts_cpu_embed
src/conductor/dead_tests.py	python_contracts_workspace_exposure_corpus
src/conductor/dead_tests.py	python_contracts_workspace_hygiene
src/conductor/embedding_contract.py	python_contracts_cpu_embed
src/conductor/embedding_routes.toml	python_contracts_cpu_embed
src/conductor/equivalence_ablations.py	python_contracts_equivalence_probe
src/conductor/equivalence_probe.py	python_contracts_equivalence_probe
src/conductor/http_transport.py	python_contracts_cpu_embed
src/conductor/kb_retrieve.py	python_contracts_equivalence_probe
src/conductor/mutation_campaign_generate.py	python_contracts_mutation_campaign_generate
src/conductor/mutation_campaign_model.py	python_contracts_mutation_campaign_generate
src/conductor/mutation_campaign_model.py	python_contracts_mutation_retention
src/conductor/mutation_coverage.py	python_contracts_mutation_retention
src/conductor/mutation_engine_generated.py	python_contracts_mutation_campaign_generate
src/conductor/mutation_patch_apply.py	python_contracts_mutation_campaign_generate
src/conductor/mutation_patch_apply.py	python_contracts_mutation_retention
src/conductor/mutation_patch_audit.py	python_contracts_mutation_retention
src/conductor/mutation_plan_bridge.py	python_contracts_mutation_campaign_generate
src/conductor/mutation_receipt_build.py	python_contracts_mutation_campaign_generate
src/conductor/mutation_receipt_build.py	python_contracts_mutation_retention
src/conductor/mutation_receipt_slim.py	python_contracts_mutation_campaign_generate
src/conductor/mutation_receipt_slim.py	python_contracts_mutation_retention
src/conductor/mutation_retention.py	python_contracts_mutation_retention
src/conductor/mutation_run_scope.py	python_contracts_mutation_campaign_generate
src/conductor/mutation_scope.py	python_contracts_mutation_campaign_generate
src/conductor/mutation_scope.py	python_contracts_mutation_retention
src/conductor/mutation_testing.py	python_contracts_mutation_campaign_generate
src/conductor/mutation_testing.py	python_contracts_mutation_retention
src/conductor/mutation_testing_support.py	python_contracts_mutation_campaign_generate
src/conductor/mutation_testing_support.py	python_contracts_mutation_retention
src/conductor/mutation_value.py	python_contracts_mutation_campaign_generate
src/conductor/mutation_value.py	python_contracts_mutation_retention
src/conductor/native_ablations.py	python_contracts_equivalence_probe
src/conductor/probe_replay_stubs.py	python_contracts_equivalence_probe
src/conductor/project_paths.py	python_contracts_mutation_campaign_generate
src/conductor/project_paths.py	python_contracts_mutation_retention
src/conductor/project_paths.py	python_contracts_workspace_exposure_corpus
src/conductor/project_paths.py	python_contracts_workspace_hygiene
src/conductor/project_paths.py	python_contracts_worktree_reap
src/conductor/snapshot_worktree.py	python_contracts_mutation_campaign_generate
src/conductor/workspace_hygiene.py	python_contracts_workspace_exposure_corpus
src/conductor/workspace_hygiene.py	python_contracts_workspace_hygiene
src/conductor/worktree_lease.py	python_contracts_workspace_exposure_corpus
src/conductor/worktree_lease.py	python_contracts_workspace_hygiene
src/conductor/worktree_lease.py	python_contracts_worktree_reap
src/conductor/worktree_reap.py	python_contracts_workspace_exposure_corpus
src/conductor/worktree_reap.py	python_contracts_workspace_hygiene
src/conductor/worktree_reap.py	python_contracts_worktree_reap

# Final candidate-review test retirement: explicit Rust targets and their providers.
native/conductor-native/src/candidate_benchmark.rs	python_contracts_candidate_benchmark
native/conductor-native/src/lib.rs	python_contracts_candidate_benchmark
native/conductor-native/tests/python_contracts/candidate_review_support.rs	python_contracts_candidate_cli
native/conductor-native/tests/python_contracts/candidate_review_support.rs	python_contracts_candidate_policy_regressions
native/conductor-native/tests/python_contracts/candidate_review_support.rs	python_contracts_candidate_review_evidence
native/conductor-native/tests/python_contracts/candidate_review_support.rs	python_contracts_candidate_review_flow_a
native/conductor-native/tests/python_contracts/candidate_review_support.rs	python_contracts_candidate_review_flow_b
native/conductor-native/tests/python_contracts/candidate_review_support.rs	python_contracts_candidate_review_hardening
native/conductor-native/tests/python_contracts/candidate_review_support.rs	python_contracts_candidate_review_scan
native/conductor-native/tests/python_contracts/candidate_review_support.rs	python_contracts_candidate_review_waivers
native/conductor-native/tests/python_contracts/candidate_review_support.rs	python_contracts_candidate_runtime_a
native/conductor-native/tests/python_contracts/candidate_review_support.rs	python_contracts_candidate_runtime_b
native/conductor-native/tests/python_contracts/candidate_review_support.rs	python_contracts_candidate_verification
native/conductor-native/tests/python_contracts/candidate_runtime_support.rs	python_contracts_candidate_runtime_a
native/conductor-native/tests/python_contracts/candidate_runtime_support.rs	python_contracts_candidate_runtime_b
native/conductor-native/tests/python_contracts/git_fixture_support.rs	python_contracts_candidate_cli
native/conductor-native/tests/python_contracts/git_fixture_support.rs	python_contracts_candidate_policy_regressions
native/conductor-native/tests/python_contracts/git_fixture_support.rs	python_contracts_candidate_review_evidence
native/conductor-native/tests/python_contracts/git_fixture_support.rs	python_contracts_candidate_review_flow_a
native/conductor-native/tests/python_contracts/git_fixture_support.rs	python_contracts_candidate_review_flow_b
native/conductor-native/tests/python_contracts/git_fixture_support.rs	python_contracts_candidate_review_hardening
native/conductor-native/tests/python_contracts/git_fixture_support.rs	python_contracts_candidate_review_scan
native/conductor-native/tests/python_contracts/git_fixture_support.rs	python_contracts_candidate_review_waivers
native/conductor-native/tests/python_contracts/git_fixture_support.rs	python_contracts_candidate_runtime_a
native/conductor-native/tests/python_contracts/git_fixture_support.rs	python_contracts_candidate_runtime_b
native/conductor-native/tests/python_contracts/git_fixture_support.rs	python_contracts_candidate_verification
native/conductor-native/tests/python_contracts/mutation_audit_support.rs	python_contracts_mutation_patch_audit_a
native/conductor-native/tests/python_contracts/mutation_audit_support.rs	python_contracts_mutation_patch_audit_b
native/conductor-native/tests/python_contracts/mutation_audit_support.rs	python_contracts_mutation_patch_audit_c
native/conductor-native/tests/python_contracts/support.rs	python_contracts_candidate_call_evidence
native/conductor-native/tests/python_contracts/support.rs	python_contracts_candidate_review_evidence
native/conductor-native/tests/python_contracts/support.rs	python_contracts_candidate_review_flow_a
native/conductor-native/tests/python_contracts/support.rs	python_contracts_candidate_review_flow_b
native/conductor-native/tests/python_contracts/support.rs	python_contracts_candidate_review_hardening
native/conductor-native/tests/python_contracts/support.rs	python_contracts_candidate_review_scan
native/conductor-native/tests/python_contracts/support.rs	python_contracts_candidate_review_waivers
native/conductor-native/tests/python_contracts/support.rs	python_contracts_candidate_runtime_a
native/conductor-native/tests/python_contracts/support.rs	python_contracts_candidate_runtime_b
native/conductor-native/tests/python_contracts/support.rs	python_contracts_mutation_patch_audit_a
native/conductor-native/tests/python_contracts/support.rs	python_contracts_mutation_patch_audit_b
native/conductor-native/tests/python_contracts/support.rs	python_contracts_mutation_patch_audit_c
src/conductor/_native.py	python_contracts_candidate_benchmark
src/conductor/_native.py	python_contracts_candidate_call_evidence
src/conductor/candidate_review/checks.py	python_contracts_candidate_call_evidence
src/conductor/candidate_review/checks.py	python_contracts_candidate_review_evidence
src/conductor/candidate_review/checks.py	python_contracts_candidate_review_flow_a
src/conductor/candidate_review/checks.py	python_contracts_candidate_review_flow_b
src/conductor/candidate_review/checks.py	python_contracts_candidate_review_hardening
src/conductor/candidate_review/checks.py	python_contracts_candidate_review_scan
src/conductor/candidate_review/checks.py	python_contracts_candidate_review_waivers
src/conductor/candidate_review/checks.py	python_contracts_candidate_runtime_a
src/conductor/candidate_review/checks.py	python_contracts_candidate_runtime_b
src/conductor/candidate_review/command_runner.py	python_contracts_candidate_call_evidence
src/conductor/candidate_review/command_runner.py	python_contracts_candidate_review_flow_a
src/conductor/candidate_review/engine.py	python_contracts_candidate_review_flow_a
src/conductor/candidate_review/engine.py	python_contracts_candidate_review_flow_b
src/conductor/candidate_review/engine.py	python_contracts_candidate_runtime_a
src/conductor/candidate_review/engine.py	python_contracts_candidate_runtime_b
src/conductor/candidate_review/git_source.py	python_contracts_candidate_review_evidence
src/conductor/candidate_review/git_source.py	python_contracts_candidate_review_flow_a
src/conductor/candidate_review/git_source.py	python_contracts_candidate_review_flow_b
src/conductor/candidate_review/git_source.py	python_contracts_candidate_review_hardening
src/conductor/candidate_review/git_source.py	python_contracts_candidate_review_scan
src/conductor/candidate_review/git_source.py	python_contracts_candidate_review_waivers
src/conductor/candidate_review/git_source.py	python_contracts_candidate_runtime_a
src/conductor/candidate_review/git_source.py	python_contracts_candidate_runtime_b
src/conductor/candidate_review/model.py	python_contracts_candidate_call_evidence
src/conductor/candidate_review/model.py	python_contracts_candidate_review_evidence
src/conductor/candidate_review/model.py	python_contracts_candidate_review_flow_a
src/conductor/candidate_review/model.py	python_contracts_candidate_review_flow_b
src/conductor/candidate_review/model.py	python_contracts_candidate_review_hardening
src/conductor/candidate_review/model.py	python_contracts_candidate_review_scan
src/conductor/candidate_review/model.py	python_contracts_candidate_review_waivers
src/conductor/candidate_review/model.py	python_contracts_candidate_runtime_a
src/conductor/candidate_review/model.py	python_contracts_candidate_runtime_b
src/conductor/candidate_review/ownership.py	python_contracts_candidate_review_flow_a
src/conductor/candidate_review/policy.py	python_contracts_candidate_call_evidence
src/conductor/candidate_review/policy.py	python_contracts_candidate_review_evidence
src/conductor/candidate_review/policy.py	python_contracts_candidate_review_flow_a
src/conductor/candidate_review/policy.py	python_contracts_candidate_review_flow_b
src/conductor/candidate_review/policy.py	python_contracts_candidate_review_hardening
src/conductor/candidate_review/policy.py	python_contracts_candidate_review_scan
src/conductor/candidate_review/policy.py	python_contracts_candidate_review_waivers
src/conductor/candidate_review/policy.py	python_contracts_candidate_runtime_a
src/conductor/candidate_review/policy.py	python_contracts_candidate_runtime_b
src/conductor/candidate_review/policy_path.py	python_contracts_candidate_review_evidence
src/conductor/candidate_review/policy_path.py	python_contracts_candidate_review_flow_a
src/conductor/candidate_review/policy_path.py	python_contracts_candidate_review_flow_b
src/conductor/candidate_review/policy_path.py	python_contracts_candidate_review_hardening
src/conductor/candidate_review/policy_path.py	python_contracts_candidate_review_scan
src/conductor/candidate_review/policy_path.py	python_contracts_candidate_review_waivers
src/conductor/candidate_review/policy_path.py	python_contracts_candidate_runtime_a
src/conductor/candidate_review/policy_path.py	python_contracts_candidate_runtime_b
src/conductor/candidate_review/quality_checks.py	python_contracts_candidate_review_scan
src/conductor/candidate_review/reporters.py	python_contracts_candidate_review_flow_b
src/conductor/candidate_review/sharding.py	python_contracts_candidate_review_flow_b
src/conductor/candidate_review/sharding.py	python_contracts_candidate_runtime_a
src/conductor/candidate_review/verification.py	python_contracts_candidate_call_evidence
src/conductor/candidate_review/verification.py	python_contracts_candidate_review_evidence
src/conductor/candidate_review/verification.py	python_contracts_candidate_review_flow_a
src/conductor/candidate_review/verification.py	python_contracts_candidate_review_flow_b
src/conductor/candidate_review/verification.py	python_contracts_candidate_review_hardening
src/conductor/candidate_review/verification.py	python_contracts_candidate_review_scan
src/conductor/candidate_review/verification.py	python_contracts_candidate_review_waivers
src/conductor/candidate_review/verification.py	python_contracts_candidate_runtime_a
src/conductor/candidate_review/verification.py	python_contracts_candidate_runtime_b
src/conductor/changed_files_cli.py	python_contracts_mutation_patch_audit_a
src/conductor/changed_files_cli.py	python_contracts_mutation_patch_audit_b
src/conductor/changed_files_cli.py	python_contracts_mutation_patch_audit_c
src/conductor/mutation_patch_apply.py	python_contracts_mutation_patch_audit_a
src/conductor/mutation_patch_apply.py	python_contracts_mutation_patch_audit_b
src/conductor/mutation_patch_apply.py	python_contracts_mutation_patch_audit_c
src/conductor/mutation_patch_audit.py	python_contracts_mutation_patch_audit_a
src/conductor/mutation_patch_audit.py	python_contracts_mutation_patch_audit_b
src/conductor/mutation_patch_audit.py	python_contracts_mutation_patch_audit_c
src/conductor/mutation_receipt_slim.py	python_contracts_mutation_patch_audit_a
src/conductor/mutation_receipt_slim.py	python_contracts_mutation_patch_audit_b
src/conductor/mutation_receipt_slim.py	python_contracts_mutation_patch_audit_c
src/conductor/mutation_scope.py	python_contracts_mutation_patch_audit_a
src/conductor/mutation_scope.py	python_contracts_mutation_patch_audit_b
src/conductor/mutation_scope.py	python_contracts_mutation_patch_audit_c
src/conductor/mutation_testing.py	python_contracts_candidate_call_evidence
src/conductor/mutation_testing.py	python_contracts_candidate_review_evidence
src/conductor/mutation_testing.py	python_contracts_candidate_review_hardening
src/conductor/mutation_testing.py	python_contracts_candidate_review_waivers
src/conductor/mutation_testing.py	python_contracts_mutation_patch_audit_a
src/conductor/mutation_testing.py	python_contracts_mutation_patch_audit_b
src/conductor/mutation_testing.py	python_contracts_mutation_patch_audit_c
src/conductor/project_paths.py	python_contracts_candidate_review_hardening
src/conductor/project_paths.py	python_contracts_mutation_patch_audit_a
src/conductor/project_paths.py	python_contracts_mutation_patch_audit_b
src/conductor/project_paths.py	python_contracts_mutation_patch_audit_c
src/conductor/slop_gate.py	python_contracts_candidate_call_evidence
src/conductor/slop_ledger.py	python_contracts_candidate_call_evidence
